<?xml version="1.0" encoding="UTF-8"?>
<project-private xmlns="http://www.netbeans.org/ns/project-private/1">
    <editor-bookmarks xmlns="http://www.netbeans.org/ns/editor-bookmarks/2" lastBookmarkId="0"/>
    <open-files xmlns="http://www.netbeans.org/ns/projectui-open-files/2">
        <group name="BKS_Admin"/>
        <group name="WAWI2_Lager">
            <file>file:/C:/Daten/nissen/Lehre/SoftwareEngineering/WS2015_16/Praktikum/Blatt3/A/A_Blatt3_Anwesenheit.netbeans/src/se/videois/datenhaltung/db/entities/Artikel.java</file>
            <file>file:/C:/Daten/nissen/Lehre/SoftwareEngineering/WS2015_16/Praktikum/Blatt3/A/A_Blatt3_Anwesenheit.netbeans/src/se/videois/datenhaltung/db/entities/Kunde.java</file>
        </group>
        <group/>
    </open-files>
</project-private>
